"relative_path","extension","bytes","mb","modified","is_bulk_or_generated"
"speciesnet-env\Lib\site-packages\torch\lib\torch_cpu.dll",".dll","307778048","293.52","2026-06-20 00:44:18","True"
"hbmr-env\Lib\site-packages\torch\lib\torch_cpu.dll",".dll","307778048","293.52","2026-06-25 21:03:20","True"
"hbmr-env\Lib\site-packages\_polars_runtime_32\_polars_runtime.pyd",".pyd","184868352","176.304","2026-06-25 20:57:04","True"
"hbmr-env\Lib\site-packages\llvmlite\binding\llvmlite.dll",".dll","106602496","101.664","2026-06-25 22:26:21","True"
"dlc\billtip\billtip-HB-2026-06-30\dlc-models-pytorch\iteration-0\billtipJun30-trainset95shuffle1\train\snapshot-best-020.pt",".pt","94540755","90.161","2026-06-30 18:26:50","False"
"dlc\billtip\billtip-HB-2026-06-30\dlc-models-pytorch\iteration-0\billtipJun30-trainset95shuffle1\train\snapshot-150.pt",".pt","94539910","90.16","2026-07-01 02:02:24","False"
"dlc\billtip\billtip-HB-2026-06-30\dlc-models-pytorch\iteration-0\billtipJun30-trainset95shuffle1\train\snapshot-100.pt",".pt","94539910","90.16","2026-06-30 23:05:50","False"
"dlc\billtip\billtip-HB-2026-06-30\dlc-models-pytorch\iteration-0\billtipJun30-trainset95shuffle1\train\snapshot-050.pt",".pt","94539910","90.16","2026-06-30 20:14:09","False"
"dlc\billtip\billtip-HB-2026-06-30\dlc-models-pytorch\iteration-0\billtipJun30-trainset95shuffle1\train\snapshot-200.pt",".pt","94539910","90.16","2026-07-01 04:47:29","False"
"speciesnet-env\Lib\site-packages\cv2\cv2.pyd",".pyd","74819072","71.353","2026-06-20 00:43:26","True"
"hbmr-env\Lib\site-packages\cv2\cv2.pyd",".pyd","74819072","71.353","2026-06-25 20:58:34","True"
"mmpose\models\rtmpose-m_simcc-ap10k_pt-aic-coco_210e-256x256-7a041aa1_20230206.pth",".pth","54721413","52.186","2026-06-25 18:30:59","True"
"models\hub\checkpoints\MDV6-yolov9-c.pt",".pt","51572347","49.183","2026-06-18 13:55:11","True"
"models\MDV6b-yolov9-c.pt",".pt","51572347","49.183","2026-06-18 16:08:17","True"
"models\hub\checkpoints\MDV6-yolov9-c (1).pt",".pt","51572347","49.183","2026-06-18 14:21:32","True"
"MDV6-yolov9-c.pt50t1mv8d.tmp",".tmp","42598400","40.625","2026-06-18 14:15:33","False"
"dlc\billtip\billtip-HB-2026-06-30\videos\20250704_174952_001-Percy-HBMR.mp4",".mp4","32615556","31.105","2026-06-30 16:16:08","False"
"20250704_174952_001-Percy-HBMR.mp4",".mp4","32615556","31.105","2026-03-16 18:49:58","False"
"MDV6-yolov9-c.pt1jz42z27.tmp",".tmp","31981568","30.5","2026-06-18 15:54:37","False"
"hbmr-env\Lib\site-packages\gradio\templates\frontend\static\ffmpeg\ffmpeg-core.wasm",".wasm","31739621","30.269","2026-06-25 22:00:10","True"
"hbmr-env\Lib\site-packages\torch\lib\torch_cpu.lib",".lib","29853556","28.471","2026-06-25 21:03:21","True"
"speciesnet-env\Lib\site-packages\torch\lib\torch_cpu.lib",".lib","29853556","28.471","2026-06-20 00:44:19","True"
"speciesnet-env\Lib\site-packages\cv2\opencv_videoio_ffmpeg4130_64.dll",".dll","28578304","27.254","2026-06-20 00:43:27","True"
"hbmr-env\Lib\site-packages\cv2\opencv_videoio_ffmpeg4130_64.dll",".dll","28578304","27.254","2026-06-25 20:58:35","True"
"speciesnet-env\Lib\site-packages\cv2\opencv_videoio_ffmpeg4100_64.dll",".dll","26391552","25.169","2026-06-20 00:43:24","True"
"hbmr-env\Lib\site-packages\cv2\opencv_videoio_ffmpeg4100_64.dll",".dll","26391552","25.169","2026-06-25 20:58:32","True"
"MDV6-yolov9-c.ptqz6qpjkm.tmp",".tmp","23724032","22.625","2026-06-18 13:44:57","False"
"hbmr-env\Lib\site-packages\pillow_avif\_avif.cp311-win_amd64.pyd",".pyd","23535616","22.445","2026-06-25 20:56:05","True"
"speciesnet-env\Lib\site-packages\pillow_avif\_avif.cp312-win_amd64.pyd",".pyd","23535104","22.445","2026-06-20 00:41:24","True"
"hbmr-env\Lib\site-packages\numpy.libs\libscipy_openblas64_-63c857e738469261263c764a36be9436.dll",".dll","20415488","19.47","2026-06-25 20:57:17","True"
"speciesnet-env\Lib\site-packages\numpy.libs\libscipy_openblas64_-63c857e738469261263c764a36be9436.dll",".dll","20415488","19.47","2026-06-20 00:42:26","True"
"speciesnet-env\Lib\site-packages\scipy.libs\libscipy_openblas-197ee2fc9b4d071f7e048078cac74115.dll",".dll","20262912","19.324","2026-06-20 00:43:02","True"
"hbmr-env\Lib\site-packages\scipy.libs\libscipy_openblas-64eda39e79589aedb16f58e5547eb599.dll",".dll","20260864","19.322","2026-06-25 20:58:06","True"
"speciesnet-env\Lib\site-packages\torch\lib\torch_python.dll",".dll","18985984","18.106","2026-06-20 00:44:19","True"
"hbmr-env\Lib\site-packages\torch\lib\torch_python.dll",".dll","18820608","17.949","2026-06-25 21:03:22","True"
"20250704_175743_001-Pearl-HBMR.mp4",".mp4","17027084","16.238","2026-03-16 18:53:53","False"
"dlc\billtip\billtip-HB-2026-06-30\videos\20250704_175743_001-Pearl-HBMR.mp4",".mp4","17027084","16.238","2026-06-30 16:16:08","False"
"output\database-OLD\mr-review.db",".db","15106048","14.406","2026-06-23 20:20:10","True"
"output\database-OLD\backups\mr-review-20260623-193305-manual_sort_move_to_sandbox.db",".db","15097856","14.398","2026-06-23 19:29:44","True"
"output\database-OLD\backups\mr-review-20260623-193303-manual_sort_move_to_sandbox.db",".db","15097856","14.398","2026-06-23 19:29:44","True"
"output\database-OLD\backups\mr-review-20260623-193258-manual_sort_move_to_sandbox.db",".db","15097856","14.398","2026-06-23 19:29:44","True"
"output\database-OLD\backups\mr-review-20260623-193306-manual_sort_move_to_sandbox.db",".db","15097856","14.398","2026-06-23 19:29:44","True"
"output\database-OLD\backups\mr-review-20260623-193259-manual_sort_move_to_sandbox.db",".db","15097856","14.398","2026-06-23 19:29:44","True"
"output\database-OLD\backups\mr-review-20260623-193255-manual_sort_move_to_sandbox.db",".db","15097856","14.398","2026-06-23 19:29:44","True"
"output\database-OLD\backups\mr-review-20260623-193300-manual_sort_move_to_sandbox.db",".db","15097856","14.398","2026-06-23 19:29:44","True"
"output\database-OLD\backups\mr-review-20260623-193302-manual_sort_move_to_sandbox.db",".db","15097856","14.398","2026-06-23 19:29:44","True"
"output\database-OLD\backups\mr-review-20260623-193301-manual_sort_move_to_sandbox.db",".db","15097856","14.398","2026-06-23 19:29:44","True"
"output\database-OLD\backups\mr-review-20260623-193312-manual_sort_move_to_sandbox.db",".db","15097856","14.398","2026-06-23 19:29:44","True"
"output\database-OLD\backups\mr-review-20260623-193311-manual_sort_move_to_sandbox.db",".db","15097856","14.398","2026-06-23 19:29:44","True"
"output\database-OLD\backups\mr-review-20260623-193314-manual_sort_move_to_sandbox.db",".db","15097856","14.398","2026-06-23 19:29:44","True"
"output\database-OLD\backups\mr-review-20260623-193313-manual_sort_move_to_sandbox.db",".db","15097856","14.398","2026-06-23 19:29:44","True"
"output\database-OLD\backups\mr-review-20260623-193308-manual_sort_move_to_sandbox.db",".db","15097856","14.398","2026-06-23 19:29:44","True"
"output\database-OLD\backups\mr-review-20260623-193307-manual_sort_move_to_sandbox.db",".db","15097856","14.398","2026-06-23 19:29:44","True"
"output\database-OLD\backups\mr-review-20260623-193310-manual_sort_move_to_sandbox.db",".db","15097856","14.398","2026-06-23 19:29:44","True"
"output\database-OLD\backups\mr-review-20260623-193309-manual_sort_move_to_sandbox.db",".db","15097856","14.398","2026-06-23 19:29:44","True"
"output\database-OLD\backups\mr-review-20260623-172247-move_selected_crops_to_sandbox.db",".db","15093760","14.395","2026-06-23 17:17:31","True"
"output\database-OLD\backups\mr-review-20260623-172253-pre-undo.db",".db","15093760","14.395","2026-06-23 17:17:31","True"
"output\database-OLD\backups\mr-review-20260623-172216-move_selected_crops_to_sandbox.db",".db","15093760","14.395","2026-06-23 17:17:31","True"
"output\database-OLD\backups\mr-review-20260623-172228-pre-undo.db",".db","15093760","14.395","2026-06-23 17:17:31","True"
"output\database-OLD\backups\mr-review-20260623-190955-remove_true_name_profile_to_raw.db",".db","15093760","14.395","2026-06-23 19:09:35","True"
"output\database-OLD\backups\mr-review-20260623-191137-move_selected_crops_to_true_names.db",".db","15093760","14.395","2026-06-23 19:09:35","True"
"output\database-OLD\backups\mr-review-20260623-191056-move_selected_crops_to_true_names.db",".db","15093760","14.395","2026-06-23 19:09:35","True"
"output\database-OLD\backups\mr-review-20260623-171427-move_selected_crops_to_true_names.db",".db","15089664","14.391","2026-06-23 16:54:43","True"
"output\database-OLD\backups\mr-review-20260623-171344-move_selected_crops_to_true_names.db",".db","15089664","14.391","2026-06-23 16:54:43","True"
"output\database-OLD\backups\mr-review-20260623-164047-move_selected_crops_to_true_names.db",".db","15089664","14.391","2026-06-23 01:14:27","True"
"output\database-OLD\backups\mr-review-20260623-164125-move_selected_crops_to_sandbox.db",".db","15089664","14.391","2026-06-23 01:14:27","True"
"output\database-OLD\backups\mr-review-20260623-164030-move_selected_crops_to_true_names.db",".db","15089664","14.391","2026-06-23 01:14:27","True"
"output\database-OLD\backups\mr-review-20260623-003658-mark_crops_low_quality.db",".db","15081472","14.383","2026-06-23 00:32:08","True"
"output\database-OLD\backups\mr-review-20260623-003714-delete-junk-crops.db",".db","15081472","14.383","2026-06-23 00:32:08","True"
"output\database-OLD\backups\mr-review-20260623-003741-name-profile.db",".db","15081472","14.383","2026-06-23 00:32:08","True"
"output\database-OLD\backups\mr-review-20260623-003620-delete-junk-crops.db",".db","15081472","14.383","2026-06-23 00:32:08","True"
"output\database-OLD\backups\mr-review-20260623-003631-delete-junk-crops.db",".db","15081472","14.383","2026-06-23 00:32:08","True"
"output\database-OLD\backups\mr-review-20260623-003550-name-profile.db",".db","15081472","14.383","2026-06-23 00:32:08","True"
"output\database-OLD\backups\mr-review-20260623-003642-mark_crops_low_quality.db",".db","15081472","14.383","2026-06-23 00:32:08","True"
"LightGlue\.git\objects\pack\pack-d4b02b6e772405799e908ada0926f91098f63777.pack",".pack","14378544","13.712","2026-06-23 20:56:59","True"
"MDV6-yolov9-c.ptxu7ncfcx.tmp",".tmp","11665408","11.125","2026-06-18 13:34:54","False"
"speciesnet-env\Lib\site-packages\grpc\_cython\cygrpc.cp312-win_amd64.pyd",".pyd","10929152","10.423","2026-06-20 00:43:52","True"
"hbmr-env\Lib\site-packages\grpc\_cython\cygrpc.cp311-win_amd64.pyd",".pyd","10892800","10.388","2026-06-25 20:58:39","True"
"speciesnet-env\Lib\site-packages\hf_xet\hf_xet.pyd",".pyd","9417216","8.981","2026-06-20 00:42:45","True"
"hbmr-env\Lib\site-packages\hf_xet\hf_xet.pyd",".pyd","9417216","8.981","2026-06-25 20:57:46","True"
"hbmr-env\Lib\site-packages\torch\lib\sleef.lib",".lib","8811892","8.404","2026-06-25 21:03:13","True"
"speciesnet-env\Lib\site-packages\torch\lib\sleef.lib",".lib","8811892","8.404","2026-06-20 00:44:15","True"
"MDV6-yolov9-c.pt619em7ph.tmp",".tmp","8650752","8.25","2026-06-18 13:38:18","False"
"hbmr-env\Lib\site-packages\PIL\_avif.cp311-win_amd64.pyd",".pyd","7895040","7.529","2026-06-25 20:57:05","True"
"speciesnet-env\Lib\site-packages\PIL\_avif.cp312-win_amd64.pyd",".pyd","7892480","7.527","2026-06-20 00:42:15","True"
"speciesnet-env\Lib\site-packages\reverse_geocoder\rg_cities1000.csv",".csv","7851524","7.488","2026-06-20 00:45:19","True"
"speciesnet-env\Lib\site-packages\torchvision\python312.dll",".dll","7409480","7.066","2026-06-20 00:46:39","True"
"hbmr-env\Lib\site-packages\tokenizers\tokenizers.pyd",".pyd","7395328","7.053","2026-06-25 21:53:58","True"
"hbmr-env\Lib\site-packages\kornia_rs\kornia_rs.cp311-win_amd64.pyd",".pyd","6833152","6.517","2026-06-25 23:39:40","True"
"speciesnet-env\Lib\site-packages\scipy\optimize\_highspy\_core.cp312-win_amd64.pyd",".pyd","6709248","6.398","2026-06-20 00:43:00","True"
"hbmr-env\Lib\site-packages\scipy\optimize\_highspy\_core.cp311-win_amd64.pyd",".pyd","6436864","6.139","2026-06-25 20:58:04","True"
"feeder-single-calibration.jpg",".jpg","6403556","6.107","2026-06-30 21:39:02","False"
"hbmr-env\Lib\site-packages\torchvision\python311.dll",".dll","6177096","5.891","2026-06-25 21:04:15","True"
"hbmr-env\Lib\site-packages\pydantic_core\_pydantic_core.cp311-win_amd64.pyd",".pyd","5240320","4.998","2026-06-25 20:58:26","True"
"LightGlue\demo.ipynb",".ipynb","5084052","4.849","2026-06-23 20:57:00","False"
"hbmr-env\Lib\site-packages\gradio\templates\frontend\assets\PlotlyPlot-vPCJqhkN.js",".js","4802019","4.58","2026-06-25 22:00:00","True"
"output\database-OLD\backups\mr-review-20260619-045937-false-positive-identity.db",".db","4497408","4.289","2026-06-19 03:47:38","True"
"output\database-OLD\backups\mr-review-20260619-023347-false-positive.db",".db","4497408","4.289","2026-06-19 02:32:54","True"
"output\database-OLD\backups\mr-review-20260619-034737-multibird-crops.db",".db","4497408","4.289","2026-06-19 03:30:17","True"
"speciesnet-env\Lib\site-packages\tensorboard\webfiles.zip",".zip","4423773","4.219","2026-06-20 00:45:11","True"
"hbmr-env\Lib\site-packages\tensorboard\webfiles.zip",".zip","4423773","4.219","2026-06-25 21:58:02","True"
"speciesnet-env\Lib\site-packages\scipy\sparse\_sparsetools.cp312-win_amd64.pyd",".pyd","4239360","4.043","2026-06-20 00:43:00","True"
"hbmr-env\Lib\site-packages\scipy\sparse\_sparsetools.cp311-win_amd64.pyd",".pyd","4114944","3.924","2026-06-25 20:58:04","True"
"speciesnet-env\Lib\site-packages\onnx\backend\test\data\pytorch-converted\test_MaxPool2d_stride_padding_dilation\test_data_set_0\input_0.pb",".pb","4000017","3.815","2026-06-20 00:46:05","True"
"output\database\mr-review.db",".db","3977216","3.793","2026-06-27 01:19:05","True"
"output\database\mr-review-smoketest-backup.db",".db","3977216","3.793","2026-06-27 01:19:05","True"
"mmpose\output\sampler\sampler-20260629-151644\candidates\photos\20250918_144532-photo-20250918_144532-3a4e637009.jpg",".jpg","3806328","3.63","2026-06-29 15:16:45","True"
"mmpose\output\sampler\sampler-20260629-151644\autorefine-input\00002-best-20250918_144532-photo-20250918_144532-3a4e637009.jpg",".jpg","3806328","3.63","2026-06-29 15:16:45","True"
"mmpose\output\sampler\sampler-20260629-151644\weak\00007-weak-20250918_144532-photo-20250918_144532-3a4e637009.jpg",".jpg","3806328","3.63","2026-06-29 15:16:45","True"
"mmpose\output\sampler\sampler-20260629-151644\best\00002-best-20250918_144532-photo-20250918_144532-3a4e637009.jpg",".jpg","3806328","3.63","2026-06-29 15:16:45","True"
"mmpose\output\sampler\sampler-20260629-151644\mmpose-input\00002-best-20250918_144532-photo-20250918_144532-3a4e637009.jpg",".jpg","3806328","3.63","2026-06-29 15:16:45","True"
"speciesnet-env\Lib\site-packages\numpy\_core\_multiarray_umath.cp312-win_amd64.pyd",".pyd","3714560","3.542","2026-06-20 00:42:25","True"
"hbmr-env\Lib\site-packages\numpy\_core\_multiarray_umath.cp311-win_amd64.pyd",".pyd","3703296","3.532","2026-06-25 20:57:16","True"
"mmpose\output\sampler\sampler-20260629-151644\mmpose-input\00004-best-20251003_082533-photo-20251003_082533-917755a9bb.jpg",".jpg","3644081","3.475","2026-06-29 15:16:49","True"
"mmpose\output\sampler\sampler-20260629-151644\best\00004-best-20251003_082533-photo-20251003_082533-917755a9bb.jpg",".jpg","3644081","3.475","2026-06-29 15:16:49","True"
"mmpose\output\sampler\sampler-20260629-151644\candidates\photos\20251003_082533-photo-20251003_082533-917755a9bb.jpg",".jpg","3644081","3.475","2026-06-29 15:16:49","True"
"mmpose\output\sampler\sampler-20260629-151644\autorefine-input\00004-best-20251003_082533-photo-20251003_082533-917755a9bb.jpg",".jpg","3644081","3.475","2026-06-29 15:16:49","True"
"mmpose\output\sampler\sampler-20260629-151644\weak\00005-weak-20251003_082533-photo-20251003_082533-917755a9bb.jpg",".jpg","3644081","3.475","2026-06-29 15:16:49","True"
"mmpose\output\sampler\sampler-20260629-151644\autorefine-input\00006-best-20250918_144523-photo-20250918_144523-860d156f40.jpg",".jpg","3423670","3.265","2026-06-29 15:16:44","True"
"mmpose\output\sampler\sampler-20260629-151644\mmpose-input\00006-best-20250918_144523-photo-20250918_144523-860d156f40.jpg",".jpg","3423670","3.265","2026-06-29 15:16:44","True"
"mmpose\output\sampler\sampler-20260629-151644\best\00006-best-20250918_144523-photo-20250918_144523-860d156f40.jpg",".jpg","3423670","3.265","2026-06-29 15:16:44","True"
"mmpose\output\sampler\sampler-20260629-151644\weak\00003-weak-20250918_144523-photo-20250918_144523-860d156f40.jpg",".jpg","3423670","3.265","2026-06-29 15:16:44","True"
"mmpose\output\sampler\sampler-20260629-151644\candidates\photos\20250918_144523-photo-20250918_144523-860d156f40.jpg",".jpg","3423670","3.265","2026-06-29 15:16:44","True"
"mmpose\output\sampler\sampler-20260629-151644\best\00001-best-20251002_105036-photo-20251002_105036-7fd2079d78.jpg",".jpg","3386099","3.229","2026-06-29 15:16:45","True"
"mmpose\output\sampler\sampler-20260629-151644\candidates\photos\20251002_105036-photo-20251002_105036-7fd2079d78.jpg",".jpg","3386099","3.229","2026-06-29 15:16:45","True"
"mmpose\output\sampler\sampler-20260629-151644\weak\00008-weak-20251002_105036-photo-20251002_105036-7fd2079d78.jpg",".jpg","3386099","3.229","2026-06-29 15:16:45","True"
"mmpose\output\sampler\sampler-20260629-151644\mmpose-input\00001-best-20251002_105036-photo-20251002_105036-7fd2079d78.jpg",".jpg","3386099","3.229","2026-06-29 15:16:45","True"
"mmpose\output\sampler\sampler-20260629-151644\autorefine-input\00001-best-20251002_105036-photo-20251002_105036-7fd2079d78.jpg",".jpg","3386099","3.229","2026-06-29 15:16:45","True"
"speciesnet-env\Lib\site-packages\onnx\onnx_cpp2py_export.pyd",".pyd","3374592","3.218","2026-06-20 00:46:05","True"
"mmpose\output\sampler\sampler-20260629-151644\candidates\photos\20251003_081652-photo-20251003_081652-5941adb2f1.jpg",".jpg","3357878","3.202","2026-06-29 15:16:47","True"
"mmpose\output\sampler\sampler-20260629-151644\best\00005-best-20251003_081652-photo-20251003_081652-5941adb2f1.jpg",".jpg","3357878","3.202","2026-06-29 15:16:47","True"
"mmpose\output\sampler\sampler-20260629-151644\autorefine-input\00005-best-20251003_081652-photo-20251003_081652-5941adb2f1.jpg",".jpg","3357878","3.202","2026-06-29 15:16:47","True"
"mmpose\output\sampler\sampler-20260629-151644\mmpose-input\00005-best-20251003_081652-photo-20251003_081652-5941adb2f1.jpg",".jpg","3357878","3.202","2026-06-29 15:16:47","True"
"mmpose\output\sampler\sampler-20260629-151644\weak\00004-weak-20251003_081652-photo-20251003_081652-5941adb2f1.jpg",".jpg","3357878","3.202","2026-06-29 15:16:47","True"
"mmpose\output\sampler\sampler-20260629-151644\best\00003-best-20251002_105248-photo-20251002_105248-9b0720fcf8.jpg",".jpg","3342776","3.188","2026-06-29 15:16:46","True"
"mmpose\output\sampler\sampler-20260629-151644\mmpose-input\00003-best-20251002_105248-photo-20251002_105248-9b0720fcf8.jpg",".jpg","3342776","3.188","2026-06-29 15:16:46","True"
"mmpose\output\sampler\sampler-20260629-151644\weak\00006-weak-20251002_105248-photo-20251002_105248-9b0720fcf8.jpg",".jpg","3342776","3.188","2026-06-29 15:16:46","True"
"mmpose\output\sampler\sampler-20260629-151644\autorefine-input\00003-best-20251002_105248-photo-20251002_105248-9b0720fcf8.jpg",".jpg","3342776","3.188","2026-06-29 15:16:46","True"
"mmpose\output\sampler\sampler-20260629-151644\candidates\photos\20251002_105248-photo-20251002_105248-9b0720fcf8.jpg",".jpg","3342776","3.188","2026-06-29 15:16:46","True"
"mmpose\output\sampler\sampler-20260629-151644\mmpose-input\00007-best-20251003_082321-photo-20251003_082321-aa9c864212.jpg",".jpg","3185442","3.038","2026-06-29 15:16:48","True"
"mmpose\output\sampler\sampler-20260629-151644\best\00007-best-20251003_082321-photo-20251003_082321-aa9c864212.jpg",".jpg","3185442","3.038","2026-06-29 15:16:48","True"
"mmpose\output\sampler\sampler-20260629-151644\weak\00002-weak-20251003_082321-photo-20251003_082321-aa9c864212.jpg",".jpg","3185442","3.038","2026-06-29 15:16:48","True"
"mmpose\output\sampler\sampler-20260629-151644\autorefine-input\00007-best-20251003_082321-photo-20251003_082321-aa9c864212.jpg",".jpg","3185442","3.038","2026-06-29 15:16:48","True"
"mmpose\output\sampler\sampler-20260629-151644\candidates\photos\20251003_082321-photo-20251003_082321-aa9c864212.jpg",".jpg","3185442","3.038","2026-06-29 15:16:48","True"
"mmpose\output\sampler\sampler-20260629-151644\weak\00001-weak-20251003_082319-photo-20251003_082319-fcbe83f476.jpg",".jpg","3177964","3.031","2026-06-29 15:16:47","True"
"mmpose\output\sampler\sampler-20260629-151644\autorefine-input\00008-best-20251003_082319-photo-20251003_082319-fcbe83f476.jpg",".jpg","3177964","3.031","2026-06-29 15:16:47","True"
"mmpose\output\sampler\sampler-20260629-151644\best\00008-best-20251003_082319-photo-20251003_082319-fcbe83f476.jpg",".jpg","3177964","3.031","2026-06-29 15:16:47","True"
"mmpose\output\sampler\sampler-20260629-151644\mmpose-input\00008-best-20251003_082319-photo-20251003_082319-fcbe83f476.jpg",".jpg","3177964","3.031","2026-06-29 15:16:47","True"
"mmpose\output\sampler\sampler-20260629-151644\candidates\photos\20251003_082319-photo-20251003_082319-fcbe83f476.jpg",".jpg","3177964","3.031","2026-06-29 15:16:47","True"
"output\review-OLD\current-review.jpg",".jpg","2935379","2.799","2026-06-19 15:12:51","True"
"hbmr-env\Lib\site-packages\torch\lib\microkernels-prod.lib",".lib","2885048","2.751","2026-06-25 21:03:12","True"
"speciesnet-env\Lib\site-packages\torch\lib\microkernels-prod.lib",".lib","2885048","2.751","2026-06-20 00:44:15","True"
"speciesnet-env\Lib\site-packages\scipy\io\_fast_matrix_market\_fmm_core.cp312-win_amd64.pyd",".pyd","2880512","2.747","2026-06-20 00:42:59","True"
"output\review\current-review.jpg",".jpg","2873718","2.741","2026-06-27 01:19:06","True"
"hbmr-env\Lib\site-packages\scipy\io\_fast_matrix_market\_fmm_core.cp311-win_amd64.pyd",".pyd","2842624","2.711","2026-06-25 20:58:03","True"
"speciesnet-env\Lib\site-packages\torch\bin\protoc.exe",".exe","2800128","2.67","2026-06-20 00:43:58","True"
"hbmr-env\Lib\site-packages\torch\bin\protoc.exe",".exe","2800128","2.67","2026-06-25 21:02:47","True"
"speciesnet-env\Lib\site-packages\scipy\fft\_duccfft\pyduccfft.cp312-win_amd64.pyd",".pyd","2786816","2.658","2026-06-20 00:42:58","True"
"speciesnet-env\Lib\site-packages\torch\lib\XNNPACK.lib",".lib","2702626","2.577","2026-06-20 00:44:15","True"
"hbmr-env\Lib\site-packages\torch\lib\XNNPACK.lib",".lib","2702626","2.577","2026-06-25 21:03:12","True"
"speciesnet-env\Lib\site-packages\cv2\data\haarcascade_frontalface_alt_tree.xml",".xml","2689040","2.564","2026-06-20 00:43:27","True"
"hbmr-env\Lib\site-packages\cv2\data\haarcascade_frontalface_alt_tree.xml",".xml","2689040","2.564","2026-06-25 20:58:35","True"
"speciesnet-env\Lib\site-packages\scipy\special\_ufuncs_cxx.cp312-win_amd64.pyd",".pyd","2673664","2.55","2026-06-20 00:43:00","True"
"hbmr-env\Lib\site-packages\libstdc++-6-110c9d51f08f0d1d0f38fa2f49cf7128.dll",".dll","2660352","2.537","2026-06-25 20:58:31","True"
"speciesnet-env\Lib\site-packages\libstdc++-6-110c9d51f08f0d1d0f38fa2f49cf7128.dll",".dll","2660352","2.537","2026-06-20 00:43:22","True"
"speciesnet-env\Lib\site-packages\PIL\_imaging.cp312-win_amd64.pyd",".pyd","2589696","2.47","2026-06-20 00:42:15","True"
"hbmr-env\Lib\site-packages\PIL\_imaging.cp311-win_amd64.pyd",".pyd","2588160","2.468","2026-06-25 20:57:05","True"
"hbmr-env\Lib\site-packages\shapely.libs\geos-ae6efa0782962b98e358f10ea539ae5f.dll",".dll","2564608","2.446","2026-06-25 20:58:00","True"
"speciesnet-env\Lib\site-packages\shapely.libs\geos-ae6efa0782962b98e358f10ea539ae5f.dll",".dll","2564608","2.446","2026-06-20 00:42:56","True"
"speciesnet-env\Lib\site-packages\onnx\backend\test\data\pytorch-operator\test_operator_conv\test_data_set_0\input_0.pb",".pb","2560015","2.441","2026-06-20 00:46:05","True"
"hbmr-env\Lib\site-packages\scipy\special\_ufuncs_cxx.cp311-win_amd64.pyd",".pyd","2404864","2.293","2026-06-25 20:58:05","True"
"output\database\backups\mr-review-20260626-010506-mark_selected_crops_false_positive.db",".db","2400256","2.289","2026-06-26 00:48:36","True"
"hbmr-env\Lib\site-packages\_soundfile_data\libsndfile_x64.dll",".dll","2364416","2.255","2026-06-25 22:21:51","True"
"speciesnet-env\Lib\site-packages\matplotlib\ft2font.cp312-win_amd64.pyd",".pyd","2317312","2.21","2026-06-20 00:46:14","True"
"hbmr-env\Lib\site-packages\matplotlib\ft2font.cp311-win_amd64.pyd",".pyd","2308608","2.202","2026-06-25 21:58:58","True"
"speciesnet-env\Lib\site-packages\torch\include\ATen\RedispatchFunctions.h",".h","2297466","2.191","2026-06-20 00:43:59","True"
"hbmr-env\Lib\site-packages\torch\include\ATen\RedispatchFunctions.h",".h","2297466","2.191","2026-06-25 21:02:49","True"
"speciesnet-env\Lib\site-packages\scipy\linalg\_flapack.cp312-win_amd64.pyd",".pyd","2294272","2.188","2026-06-20 00:42:59","True"
"hbmr-env\Lib\site-packages\scipy\special\_special_ufuncs.cp311-win_amd64.pyd",".pyd","2292224","2.186","2026-06-25 20:58:04","True"
"hbmr-env\Lib\site-packages\scipy\linalg\_flapack.cp311-win_amd64.pyd",".pyd","2266624","2.162","2026-06-25 20:58:03","True"
"speciesnet-env\Lib\site-packages\scipy\special\cython_special.cp312-win_amd64.pyd",".pyd","2254336","2.15","2026-06-20 00:43:00","True"
"hbmr-env\Lib\site-packages\scipy\special\cython_special.cp311-win_amd64.pyd",".pyd","2185216","2.084","2026-06-25 20:58:04","True"
"speciesnet-env\Lib\site-packages\PIL\_imagingft.cp312-win_amd64.pyd",".pyd","2166272","2.066","2026-06-20 00:42:15","True"
"hbmr-env\Lib\site-packages\PIL\_imagingft.cp311-win_amd64.pyd",".pyd","2166272","2.066","2026-06-25 20:57:05","True"
"speciesnet-env\Lib\site-packages\libheif-75127e764628a95f6db9f5070bfc87cb.dll",".dll","2125312","2.027","2026-06-20 00:43:22","True"
"hbmr-env\Lib\site-packages\libheif-75127e764628a95f6db9f5070bfc87cb.dll",".dll","2125312","2.027","2026-06-25 20:58:30","True"
"hbmr-env\Lib\site-packages\tensorboard\plugins\projector\tf_projector_plugin\projector_binary.js",".js","1964091","1.873","2026-06-25 21:58:03","True"
"speciesnet-env\Lib\site-packages\tensorboard\plugins\projector\tf_projector_plugin\projector_binary.js",".js","1964091","1.873","2026-06-20 00:45:11","True"
"speciesnet-env\Lib\site-packages\onnx\backend\test\data\pytorch-operator\test_operator_conv\test_data_set_0\output_0.pb",".pb","1896974","1.809","2026-06-20 00:46:05","True"
"hbmr-env\Lib\site-packages\fontTools\misc\bezierTools.c",".c","1877361","1.79","2026-06-25 20:57:48","True"
"speciesnet-env\Lib\site-packages\fontTools\misc\bezierTools.c",".c","1877361","1.79","2026-06-20 00:42:46","True"
"speciesnet-env\Lib\site-packages\torch\include\ATen\VmapGeneratedPlumbing.h",".h","1813102","1.729","2026-06-20 00:43:59","True"
"hbmr-env\Lib\site-packages\torch\include\ATen\VmapGeneratedPlumbing.h",".h","1813102","1.729","2026-06-25 21:02:49","True"
"hbmr-env\Lib\site-packages\timm\data\_info\imagenet_synset_to_definition.txt",".txt","1748917","1.668","2026-06-25 21:59:46","True"
"speciesnet-env\Lib\site-packages\pandas\_libs\groupby.cp312-win_amd64.pyd",".pyd","1721856","1.642","2026-06-20 00:45:24","True"
"hbmr-env\Lib\site-packages\pandas\_libs\groupby.cp311-win_amd64.pyd",".pyd","1704448","1.625","2026-06-25 21:58:29","True"
"speciesnet-env\Lib\site-packages\scipy\special\_special_ufuncs.cp312-win_amd64.pyd",".pyd","1631232","1.556","2026-06-20 00:43:00","True"
"hbmr-env\Lib\site-packages\torch\lib\libiomp5md.dll",".dll","1617256","1.542","2026-06-25 21:03:12","True"
"speciesnet-env\Lib\site-packages\torch\lib\libiomp5md.dll",".dll","1617256","1.542","2026-06-20 00:44:15","True"
"hbmr-env\Lib\site-packages\gradio\media_assets\videos\world.mp4",".mp4","1570024","1.497","2026-06-25 21:59:59","True"
"output\crops-billtip1\samplerGUI-20260630-024848-Smallest-Friend-Version76-APEX-Piper-lands-rests-tail-on-finger-frame-00001400-t0046.67-burst-animal-001-conf040-pad20.png",".png","1555484","1.483","2026-06-30 06:16:02","True"
"speciesnet-env\Lib\site-packages\pandas\_libs\hashtable.cp312-win_amd64.pyd",".pyd","1555456","1.483","2026-06-20 00:45:24","True"
"output\crops-billtip1\samplerGUI-20260630-024848-Smallest-Friend-Version76-APEX-Piper-lands-rests-tail-on-finger-frame-00000830-t0027.67-burst-animal-001-conf020-pad20.png",".png","1545170","1.474","2026-06-30 06:14:11","True"
"hbmr-env\Lib\site-packages\pandas\_libs\hashtable.cp311-win_amd64.pyd",".pyd","1543680","1.472","2026-06-25 21:58:29","True"
"output\crops-billtip1\samplerGUI-20260630-024848-Smallest-Friend-Version76-APEX-Piper-lands-rests-tail-on-finger-frame-00000260-t0008.67-burst-animal-001-conf022-pad20.png",".png","1540022","1.469","2026-06-30 06:12:18","True"
"hbmr-env\Lib\site-packages\gradio\media_assets\audio\sax.wav",".wav","1536044","1.465","2026-06-25 21:59:59","True"
"hbmr-env\Lib\site-packages\scipy\spatial\_ckdtree.cp311-win_amd64.pyd",".pyd","1529856","1.459","2026-06-25 20:58:04","True"
"output\crops-billtip1\samplerGUI-20260630-024848-Smallest-Friend-Version76-APEX-Piper-lands-rests-tail-on-finger-frame-00000740-t0024.67-burst-animal-001-conf032-pad20.png",".png","1523163","1.453","2026-06-30 06:13:54","True"
"hbmr-env\Lib\site-packages\scipy\special\_gufuncs.cp311-win_amd64.pyd",".pyd","1515008","1.445","2026-06-25 20:58:04","True"
"output\crops-billtip1\samplerGUI-20260630-024848-Smallest-Friend-Version76-APEX-Piper-lands-rests-tail-on-finger-frame-00000710-t0023.67-burst-animal-001-conf046-pad20.png",".png","1503307","1.434","2026-06-30 06:13:47","True"
"output\crops-billtip1\samplerGUI-20260630-024848-Smallest-Friend-Version76-APEX-Piper-lands-rests-tail-on-finger-frame-00000800-t0026.67-burst-animal-001-conf034-pad20.png",".png","1497574","1.428","2026-06-30 06:14:06","True"
"hbmr-env\Lib\site-packages\sympy\polys\benchmarks\__pycache__\bench_solvers.cpython-311.pyc",".pyc","1493541","1.424","2026-06-25 20:56:32","True"
"speciesnet-env\Lib\site-packages\scipy\spatial\_distance_pybind.cp312-win_amd64.pyd",".pyd","1479168","1.411","2026-06-20 00:43:00","True"
"output\crops-billtip1\samplerGUI-20260630-024848-Smallest-Friend-Version76-APEX-Piper-lands-rests-tail-on-finger-frame-00001070-t0035.67-burst-animal-001-conf024-pad20.png",".png","1477868","1.409","2026-06-30 06:14:58","True"
"vlcsnap-2026-02-27-01h41m45s086.png",".png","1473394","1.405","2026-02-27 01:41:56","False"
"output\crops-billtip1\samplerGUI-20260630-024848-Smallest-Friend-Version76-APEX-Piper-lands-rests-tail-on-finger-frame-00000280-t0009.33-burst-animal-001-conf061-pad20.png",".png","1468881","1.401","2026-06-30 06:12:21","True"
"hbmr-env\Lib\site-packages\torch\lib\fmt.lib",".lib","1457288","1.39","2026-06-25 21:03:12","True"
"speciesnet-env\Lib\site-packages\torch\lib\fmt.lib",".lib","1457288","1.39","2026-06-20 00:44:15","True"
"output\crops-billtip1\samplerGUI-20260630-024848-Smallest-Friend-Version76-APEX-Piper-lands-rests-tail-on-finger-frame-00001060-t0035.33-burst-animal-001-conf028-pad20.png",".png","1446630","1.38","2026-06-30 06:14:55","True"
"output\crops-billtip1\samplerGUI-20260630-024848-Smallest-Friend-Version76-APEX-Piper-lands-rests-tail-on-finger-frame-00000250-t0008.33-burst-animal-001-conf046-pad20.png",".png","1443559","1.377","2026-06-30 06:12:16","True"
"output\crops-billtip1\samplerGUI-20260630-024848-Smallest-Friend-Version76-APEX-Piper-lands-rests-tail-on-finger-frame-00001030-t0034.33-burst-animal-001-conf022-pad20.png",".png","1441719","1.375","2026-06-30 06:14:50","True"
"speciesnet-env\Lib\site-packages\scipy\special\_ufuncs.cp312-win_amd64.pyd",".pyd","1433088","1.367","2026-06-20 00:43:00","True"
"output\crops-billtip1\samplerGUI-20260630-024848-Smallest-Friend-Version76-APEX-Piper-lands-rests-tail-on-finger-frame-00000240-t0008.00-base-animal-001-conf020-pad20.png",".png","1432219","1.366","2026-06-30 06:12:13","True"
"hbmr-env\Lib\site-packages\pandas\_libs\algos.cp311-win_amd64.pyd",".pyd","1431040","1.365","2026-06-25 21:58:29","True"
"output\crops-billtip1\samplerGUI-20260630-024848-Smallest-Friend-Version76-APEX-Piper-lands-rests-tail-on-finger-frame-00000380-t0012.67-burst-animal-001-conf040-pad20.png",".png","1429465","1.363","2026-06-30 06:12:42","True"
"speciesnet-env\Lib\site-packages\sympy\polys\benchmarks\__pycache__\bench_solvers.cpython-312.pyc",".pyc","1429431","1.363","2026-06-20 00:41:48","True"
"output\crops-billtip1\samplerGUI-20260630-024848-Smallest-Friend-Version76-APEX-Piper-lands-rests-tail-on-finger-frame-00000650-t0021.67-burst-animal-001-conf034-pad20.png",".png","1424553","1.359","2026-06-30 06:13:34","True"
"hbmr-env\Lib\site-packages\torch-2.12.1+cpu.dist-info\RECORD","","1423890","1.358","2026-06-25 21:04:15","True"
"speciesnet-env\Lib\site-packages\torch-2.12.1.dist-info\RECORD","","1423839","1.358","2026-06-20 00:45:11","True"
"speciesnet-env\Lib\site-packages\pandas\_libs\algos.cp312-win_amd64.pyd",".pyd","1421312","1.355","2026-06-20 00:45:24","True"
"output\crops-billtip1\samplerGUI-20260630-024848-Smallest-Friend-Version76-APEX-Piper-lands-rests-tail-on-finger-frame-00001390-t0046.33-burst-animal-001-conf033-pad20.png",".png","1419818","1.354","2026-06-30 06:16:00","True"
"output\crops-billtip1\samplerGUI-20260630-024848-Smallest-Friend-Version76-APEX-Piper-lands-rests-tail-on-finger-frame-00000620-t0020.67-burst-animal-001-conf034-pad20.png",".png","1412825","1.347","2026-06-30 06:13:29","True"
"output\crops-billtip1\samplerGUI-20260630-024848-Smallest-Friend-Version76-APEX-Piper-lands-rests-tail-on-finger-frame-00000640-t0021.33-burst-animal-001-conf036-pad20.png",".png","1404958","1.34","2026-06-30 06:13:32","True"
"output\crops-billtip1\samplerGUI-20260630-024848-Smallest-Friend-Version76-APEX-Piper-lands-rests-tail-on-finger-frame-00000660-t0022.00-base-animal-001-conf031-pad20.png",".png","1401905","1.337","2026-06-30 06:13:37","True"
"hbmr-env\Lib\site-packages\gradio\templates\frontend\assets\index-BVk3QIoo.js",".js","1401877","1.337","2026-06-25 22:00:08","True"
"output\crops-billtip1\samplerGUI-20260630-024848-Smallest-Friend-Version76-APEX-Piper-lands-rests-tail-on-finger-frame-00000910-t0030.33-burst-animal-001-conf020-pad20.png",".png","1399083","1.334","2026-06-30 06:14:27","True"
"output\crops-billtip1\samplerGUI-20260630-024848-Smallest-Friend-Version76-APEX-Piper-lands-rests-tail-on-finger-frame-00000350-t0011.67-burst-animal-001-conf026-pad20.png",".png","1396826","1.332","2026-06-30 06:12:34","True"
"output\crops-billtip1\samplerGUI-20260630-024848-Smallest-Friend-Version76-APEX-Piper-lands-rests-tail-on-finger-frame-00000770-t0025.67-burst-animal-001-conf030-pad20.png",".png","1391604","1.327","2026-06-30 06:13:58","True"
"hbmr-env\Lib\site-packages\scipy\special\_ufuncs.cp311-win_amd64.pyd",".pyd","1391104","1.327","2026-06-25 20:58:05","True"
"output\crops-billtip1\samplerGUI-20260630-024848-Smallest-Friend-Version76-APEX-Piper-lands-rests-tail-on-finger-frame-00001000-t0033.33-burst-animal-001-conf024-pad20.png",".png","1386859","1.323","2026-06-30 06:14:44","True"
"output\crops-billtip1\samplerGUI-20260630-024848-Smallest-Friend-Version76-APEX-Piper-lands-rests-tail-on-finger-frame-00001340-t0044.67-burst-animal-001-conf026-pad20.png",".png","1382744","1.319","2026-06-30 06:15:50","True"
"output\crops-billtip1\samplerGUI-20260630-024848-Smallest-Friend-Version76-APEX-Piper-lands-rests-tail-on-finger-frame-00000860-t0028.67-burst-animal-001-conf037-pad20.png",".png","1377419","1.314","2026-06-30 06:14:18","True"
"output\crops-billtip1\samplerGUI-20260630-024848-Smallest-Friend-Version76-APEX-Piper-lands-rests-tail-on-finger-frame-00000410-t0013.67-burst-animal-002-conf021-pad20.png",".png","1375682","1.312","2026-06-30 06:12:47","True"
"output\crops-billtip1\samplerGUI-20260630-024848-Smallest-Friend-Version76-APEX-Piper-lands-rests-tail-on-finger-frame-00000970-t0032.33-burst-animal-001-conf025-pad20.png",".png","1371396","1.308","2026-06-30 06:14:39","True"
"output\crops-billtip1\samplerGUI-20260630-024848-Smallest-Friend-Version76-APEX-Piper-lands-rests-tail-on-finger-frame-00000900-t0030.00-base-animal-001-conf041-pad20.png",".png","1368146","1.305","2026-06-30 06:14:25","True"
"output\crops-billtip1\samplerGUI-20260630-024848-Smallest-Friend-Version76-APEX-Piper-lands-rests-tail-on-finger-frame-00000400-t0013.33-burst-animal-002-conf036-pad20.png",".png","1362204","1.299","2026-06-30 06:12:44","True"
"hbmr-env\Lib\site-packages\scipy\spatial\_distance_pybind.cp311-win_amd64.pyd",".pyd","1361408","1.298","2026-06-25 20:58:04","True"
"output\crops-billtip1\samplerGUI-20260630-024848-Smallest-Friend-Version76-APEX-Piper-lands-rests-tail-on-finger-frame-00000670-t0022.33-burst-animal-001-conf046-pad20.png",".png","1358034","1.295","2026-06-30 06:13:39","True"
"output\crops-billtip1\samplerGUI-20260630-024848-Smallest-Friend-Version76-APEX-Piper-lands-rests-tail-on-finger-frame-00000780-t0026.00-base-animal-001-conf029-pad20.png",".png","1357673","1.295","2026-06-30 06:14:01","True"
"speciesnet-env\Lib\site-packages\torch\testing\_internal\common_methods_invocations.py",".py","1357092","1.294","2026-06-20 00:44:20","True"
"hbmr-env\Lib\site-packages\torch\testing\_internal\common_methods_invocations.py",".py","1357092","1.294","2026-06-25 21:03:23","True"
"output\crops-billtip1\samplerGUI-20260630-024848-Smallest-Friend-Version76-APEX-Piper-lands-rests-tail-on-finger-frame-00000230-t0007.67-burst-animal-001-conf029-pad20.png",".png","1346960","1.285","2026-06-30 06:12:11","True"
"output\crops-billtip1\samplerGUI-20260630-024848-Smallest-Friend-Version57-Priscilla-no-landing-good-sound-frame-00000380-t0012.67-burst-animal-001-conf021-pad20.png",".png","1344952","1.283","2026-06-30 06:05:24","True"
"output\crops-billtip1\samplerGUI-20260630-024848-Smallest-Friend-Version76-APEX-Piper-lands-rests-tail-on-finger-frame-00000470-t0015.67-burst-animal-001-conf021-pad20.png",".png","1340815","1.279","2026-06-30 06:12:59","True"
"output\crops-billtip1\samplerGUI-20260630-024848-Smallest-Friend-Version76-APEX-Piper-lands-rests-tail-on-finger-frame-00000420-t0014.00-base-animal-002-conf038-pad20.png",".png","1330646","1.269","2026-06-30 06:12:50","True"
"output\crops-billtip1\samplerGUI-20260630-012233-Smallest-Friend-Version32-PurplePeggy-take-turns-frame-00000420-t0014.00-base-animal-001-conf022-pad20.png",".png","1327815","1.266","2026-06-30 05:59:09","True"
"output\crops-billtip1\samplerGUI-20260630-012233-Smallest-Friend-Version48-Persephone-frame-00000790-t0026.33-burst-animal-001-conf021-pad20.png",".png","1317996","1.257","2026-06-30 06:03:55","True"
"output\crops-billtip1\samplerGUI-20260630-024848-Smallest-Friend-Version76-APEX-Piper-lands-rests-tail-on-finger-frame-00000160-t0005.33-burst-animal-001-conf048-pad20.png",".png","1315824","1.255","2026-06-30 06:11:57","True"
"output\review-OLD\review.html",".html","1312822","1.252","2026-06-19 15:12:50","True"
"output\crops-billtip1\samplerGUI-20260630-024848-Smallest-Friend-Version76-APEX-Piper-lands-rests-tail-on-finger-frame-00000680-t0022.67-burst-animal-001-conf031-pad20.png",".png","1307471","1.247","2026-06-30 06:13:42","True"
"output\crops-billtip1\samplerGUI-20260630-024848-Smallest-Friend-Version76-APEX-Piper-lands-rests-tail-on-finger-frame-00000220-t0007.33-burst-animal-001-conf052-pad20.png",".png","1307320","1.247","2026-06-30 06:12:08","True"
"output\crops-billtip1\samplerGUI-20260630-024848-Smallest-Friend-Version57-Priscilla-no-landing-good-sound-frame-00000360-t0012.00-base-animal-001-conf022-pad20.png",".png","1301327","1.241","2026-06-30 06:05:20","True"
"output\crops-billtip1\samplerGUI-20260630-012233-Smallest-Friend-Version11-Priscilla-frame-00000010-t0000.33-burst-animal-001-conf041-pad20.png",".png","1291327","1.232","2026-06-30 05:49:07","True"
"output\crops-billtip1\samplerGUI-20260630-012233-Smallest-Friend-Version48-Persephone-frame-00000520-t0017.33-burst-animal-001-conf031-pad20.png",".png","1285344","1.226","2026-06-30 06:03:01","True"
"hbmr-env\Lib\site-packages\scipy\stats\_unuran\unuran_wrapper.cp311-win_amd64.pyd",".pyd","1285120","1.226","2026-06-25 20:58:05","True"
"hbmr-env\Lib\site-packages\scipy\optimize\_highspy\_highs_options.cp311-win_amd64.pyd",".pyd","1280512","1.221","2026-06-25 20:58:04","True"
"speciesnet-env\Lib\site-packages\onnx-1.22.0.dist-info\RECORD","","1279798","1.221","2026-06-20 00:46:14","True"
"speciesnet-env\Lib\site-packages\scipy\special\tests\data\boost.npz",".npz","1270643","1.212","2026-06-20 00:43:01","True"
"hbmr-env\Lib\site-packages\scipy\special\tests\data\boost.npz",".npz","1270643","1.212","2026-06-25 20:58:05","True"
"speciesnet-env\Lib\site-packages\scipy\stats\_unuran\unuran_wrapper.cp312-win_amd64.pyd",".pyd","1263104","1.205","2026-06-20 00:43:01","True"
"speciesnet-env\Lib\site-packages\botocore\data\endpoints.json",".json","1258581","1.2","2026-06-20 00:46:28","True"
"hbmr-env\Lib\site-packages\botocore\data\endpoints.json",".json","1258581","1.2","2026-06-25 21:59:07","True"
"output\crops-billtip1\samplerGUI-20260630-024848-Smallest-Friend-Version76-APEX-Piper-lands-rests-tail-on-finger-frame-00000500-t0016.67-burst-animal-001-conf027-pad20.png",".png","1252058","1.194","2026-06-30 06:13:06","True"
"hbmr-env\Lib\site-packages\sklearn\_loss\_loss.cp311-win_amd64.pyd",".pyd","1246720","1.189","2026-06-25 21:58:08","True"
"speciesnet-env\Lib\site-packages\torch\_VF.pyi",".pyi","1243626","1.186","2026-06-20 00:43:55","True"
"hbmr-env\Lib\site-packages\torch\_VF.pyi",".pyi","1243626","1.186","2026-06-25 21:02:44","True"
"hbmr-env\Lib\site-packages\torch\_C\_VariableFunctions.pyi",".pyi","1243626","1.186","2026-06-25 21:02:44","True"
"speciesnet-env\Lib\site-packages\torch\_C\_VariableFunctions.pyi",".pyi","1243626","1.186","2026-06-20 00:43:56","True"
"output\crops-billtip1\samplerGUI-20260630-012233-Smallest-Friend-Version48-Persephone-frame-00000800-t0026.67-burst-animal-001-conf043-pad20.png",".png","1237050","1.18","2026-06-30 06:03:57","True"
"output\crops-billtip1\samplerGUI-20260630-024848-Smallest-Friend-Version76-APEX-Piper-lands-rests-tail-on-finger-frame-00000790-t0026.33-burst-animal-001-conf041-pad20.png",".png","1217583","1.161","2026-06-30 06:14:03","True"
"hbmr-env\Lib\site-packages\gradio\templates\frontend\static\bokeh\3.8.1\bokeh-3.8.1.min.js",".js","1217231","1.161","2026-06-25 22:00:09","True"
"output\crops-billtip1\samplerGUI-20260630-024848-Smallest-Friend-Version62--Purple-puts-his-feet-down-frame-00000140-t0004.67-burst-animal-001-conf022-pad20.png",".png","1213251","1.157","2026-06-30 06:06:17","True"
"output\crops-billtip1\samplerGUI-20260630-024848-Smallest-Friend-Version76-APEX-Piper-lands-rests-tail-on-finger-frame-00000920-t0030.67-burst-animal-001-conf042-pad20.png",".png","1188399","1.133","2026-06-30 06:14:30","True"
"output\crops-billtip1\samplerGUI-20260630-024848-Smallest-Friend-Version57-Priscilla-no-landing-good-sound-frame-00000320-t0010.67-burst-animal-001-conf021-pad20.png",".png","1182765","1.128","2026-06-30 06:05:13","True"
"speciesnet-env\Lib\site-packages\scipy\linalg\_batched_linalg.cp312-win_amd64.pyd",".pyd","1165824","1.112","2026-06-20 00:42:59","True"
"output\crops-billtip1\samplerGUI-20260630-024848-Smallest-Friend-Version57-Priscilla-no-landing-good-sound-frame-00000310-t0010.33-burst-animal-001-conf024-pad20.png",".png","1165806","1.112","2026-06-30 06:05:10","True"
"hbmr-env\Lib\site-packages\scipy\interpolate\_rbfinterp_pythran.cp311-win_amd64.pyd",".pyd","1165312","1.111","2026-06-25 20:58:02","True"
"speciesnet-env\Lib\site-packages\scipy\interpolate\_rbfinterp_pythran.cp312-win_amd64.pyd",".pyd","1150976","1.098","2026-06-20 00:42:58","True"
"output\crops-billtip1\samplerGUI-20260630-012233-Smallest-Friend-Version48-Persephone-frame-00000730-t0024.33-burst-animal-001-conf047-pad20.png",".png","1147245","1.094","2026-06-30 06:03:43","True"
"hbmr-env\Lib\site-packages\torch\testing\_internal\__pycache__\common_methods_invocations.cpython-311.pyc",".pyc","1129365","1.077","2026-06-25 21:04:08","True"
"hbmr-env\Lib\site-packages\scipy\fft\_pocketfft\pypocketfft.cp311-win_amd64.pyd",".pyd","1118208","1.066","2026-06-25 20:58:02","True"
"output\crops-billtip1\samplerGUI-20260630-012233-Smallest-Friend-Version14-fixcrop-Patricia-frame-00000360-t0012.00-base-animal-001-conf045-pad20.png",".png","1115430","1.064","2026-06-30 05:52:22","True"
"hbmr-env\Lib\site-packages\scipy\stats\_stats_pythran.cp311-win_amd64.pyd",".pyd","1106944","1.056","2026-06-25 20:58:05","True"
"output\crops-billtip1\samplerGUI-20260630-012233-Smallest-Friend-Version48-Persephone-frame-00000300-t0010.00-base-animal-001-conf026-pad20.png",".png","1092880","1.042","2026-06-30 06:02:18","True"
"hbmr-env\Lib\site-packages\torch\lib\c10.dll",".dll","1089536","1.039","2026-06-25 21:03:12","True"
"speciesnet-env\Lib\site-packages\torch\lib\c10.dll",".dll","1089536","1.039","2026-06-20 00:44:15","True"
"output\crops-billtip1\samplerGUI-20260630-012233-Smallest-Friend-Version14-fixcrop-Patricia-frame-00000290-t0009.67-burst-animal-001-conf050-pad20.png",".png","1083235","1.033","2026-06-30 05:52:08","True"
"hbmr-env\Lib\site-packages\gradio\templates\node\build\client\_app\immutable\chunks\CEnnQBbS.js.br",".br","1077251","1.027","2026-06-25 22:00:11","True"
"speciesnet-env\Lib\site-packages\scipy\stats\_qmc_cy.cp312-win_amd64.pyd",".pyd","1068032","1.019","2026-06-20 00:43:01","True"
"output\crops-billtip1\samplerGUI-20260630-012233-Smallest-Friend-Version48-Persephone-frame-00000290-t0009.67-burst-animal-001-conf038-pad20.png",".png","1064087","1.015","2026-06-30 06:02:16","True"
